BTTR,MULN,VIVK,ABVC,CODA,SPCB,LINK,QUBT,BLFS,HROW,BTCS,AYTU,MIGI,OGEN,IOVA,NTRP,TILE,CDE,ESSA,PETS
0,-0.625,0,0,-0.35714283,0.8,0,0,0,0,0.111111059,0,0,-0.081818182,-0.02,0,-0.023176197,0.010264518,-0.017608653,-0.027724821
0,0,0,0.388888994,0.055555549,0.222222222,0,0,0.400000051,0,0.099999958,0,0,0.089108911,-0.071428571,-0.076923077,0.001757748,0.009769441,-0.004716992,0.016715736
0,0,0,0,0,0,0,-0.333333289,0.285714251,0,0.818181888,0,0,0.227272727,0.010989011,-0.099999984,-0.039473553,-0.007739968,-0.017061515,0.010638556
0,1.666666667,0,-0.424000011,0,0,0,0.6666666,0,0,0.099999958,0,0,0,0,-0.018518501,-0.011872772,-0.00507017,0,0.009569226
0,0,0,0,0,0.363636364,0,0,0.111111101,-0.125000028,-0.318181792,0,0,0,0.086956522,0,0.024029981,0.039200313,-0.003857686,-0.003791195
0,-0.5,0,0.736111144,0,0,0,1,0,0,0,0,0,0,0.08,-0.056603808,0.00180515,-0.021878533,-0.002903913,0.003805623
0,0,0,0,0,0,0,0,-0.5,0.428571453,0,0,0,-0.074074074,0.083333333,0,0.040540501,0.016968782,0.019417524,0.00379153
0,0,0.250000078,0,-0.052631573,0,-0.950000524,-0.25,0.400000051,0,0,0,0,0,-0.017094017,0,-0.009524131,-0.02313237,0,0.021718434
0,-0.1,0,0,-0.444444451,0,19.00020966,0.333333333,0.428571376,0,-0.333333333,0,0,0,-0.086956522,0,0.02797232,-0.001941038,0.007618698,0.012938918
0,0,0,0,0,0,0,-0.25,0,0,0,0,0,0,0.00952381,0,0.039116015,0.029560492,0.009451936,0.003649759
0,0.888888889,0,0,0,0,0,0.333333333,0,-0.100000024,0,0,0,0.016,0.08490566,0,0.031914761,-0.005666778,-0.018726641,0.007272845
1,-0.264705882,0,0.04,0,0,0,-0.25,-0.099999991,-0.222222215,0.099999958,0,0,0.062992126,-0.086956522,0.2,0.015067115,0.003799407,-0.005725391,0.017147859
2.5,-0.2,0,-0.038461538,0,0,0,-0.599999984,-0.55555555,0,0.090909152,0,0,-0.111111111,0.095238095,0,-0.00781242,0.014761521,0,0.110026837
-0.571428571,-0.15,0,0,0,0,0.099998963,1.499999901,0.499999947,-0.142857094,0,0,0,0,0.017391304,-0.300000032,0.003149358,-0.008951875,-0.002878832,0.008793008
0,0.176470588,0,-0.04,0,0.133333333,0,-0.133333365,0,0,0,0,0,0,-0.051282051,0.190476245,0.018053591,0.06473471,-0.00096242,-0.031695892
0,-0.2,0,0,-0.400000011,0,0,0.538461595,0.166666726,-0.1666667,0,0,0,0,-0.009009009,-0.180000019,0.008480991,-0.006362683,0.00192716,-0.009819837
0,0,0,0,0,0,0,0,0,0.600000024,0,0,0,0,-0.045454545,0.097561001,0.016055254,0.030594048,-0.001923453,-0.001653241
0,0,0,0.083333333,0,-0.117647059,0,-0.399999976,0,0.124999953,0,0,0,0,0,0.17777782,-0.006771971,-0.014152567,-0.011560863,0.038080007
0,0,0,0,1.333333304,0,0,1.083333251,0,0,0,0,0,0,0,-0.188679238,0.006060687,-0.031512592,-0.018518087,-0.004784793
-0.333333333,0,0,-0.076923077,0.28571434,0,0.090909616,0,0,0,0.166666681,0,0,0,-0.057142857,0.046511581,-0.007530042,0.014099761,0.002978949,0.003205009
0,1.125,0,0,-0.333333353,0,0,-0.280000019,0.142857125,0,0,0,0,0,0.060606061,0,0.006828168,0.014260304,0.011881361,0.015974303
0,-0.529411765,0.1,0.083333333,-0.166666652,0,0,0.111111141,-0.250000027,0,0,0,0,-0.108333333,0,-0.111111111,0.024114473,0.004920892,0.049901868,-0.007861401
0,1.1875,0,0,0,0,0,0,0,0,0,0,0,0,0,0.125,0.004414935,-0.011192714,-0.028891215,-0.02060196
0,-0.428571429,0,0,0,0,0,0,0,-0.222222215,0.357142846,0,0,0,0,-0.111111111,-0.002930018,-0.006367184,-0.02111298,-0.001618463
0,0,0,0,-0.579999997,0,0,-0.199999988,0,0,0,1.199999951,0,0.074766355,-0.057142857,0,-0.013225571,0.005695972,-0.005881966,-0.006562673
0,-0.2,0,0,0,0,0,0.249999981,0,0,0,0,0,0,0.181818182,0,-0.041697854,-0.016283153,-0.01183437,0.000825479
0,0.25,0,0,0,0,0,0,0,0.142857179,0,0,0,0.043478261,-0.017094017,0,-0.015540184,-0.021950363,-0.016966311,-0.003299654
0,0.25,0,0,0,0,0,0,0,0.124999953,0,0,0,0,-0.026086957,0,0.013417403,-0.006254602,0.015228281,0.004138801
0,0,0,-0.446153857,0.428571392,0,0,0,0,0,-0.210526333,0,0,0.25,0.0625,0,-0.004672654,-0.001110725,-0.016999707,-0.013190612
0,0,0,0,-0.333333304,0,0,-0.199999988,0.66666669,0,0,0,0,0.2,0,0.100000024,-0.016431724,-0.00555966,0,-0.025062834
0,0,0,0,0,0,0,0.249999981,0,0,-0.333333333,0,0,0.25,-0.058823529,0,0.03420806,0.046589639,0.010172903,0.001713924
0,0,0,0,0,0,0,0,0.099999991,0,0,0,0,0,0.071428571,0,-0.010768831,-0.007834733,-0.002014189,0.026518399
0,0,0,0,0,0,0,-0.199999988,0,-0.222222215,0.200000021,0,0,-0.244444444,-0.091666667,0.136363612,-0.019440085,0.040200966,-0.021190659,0.005833419
0,0,0,0,0,0,0,0,0.090909084,0,-0.166666681,0,0,0.323529412,0.100917431,0.019999981,-0.010309571,0.005521044,-0.003092704,0.014084168
0,0,0,0,0,0,0,0.874999972,-0.33333331,0,0,0,0.048387097,0,0,-0.019607825,0.013621588,0.006177087,0.033091765,0.031862962
0,-0.28,0,0,0,0,0.126666201,-0.466666659,0,0,0,0,-0.015384615,0,-0.008333333,-0.039999962,-0.018971926,-0.031718974,-0.009009262,-0.015043896
0,0.388888889,0,0,0,0,0,0,0,0,0,0,0,-0.071111111,-0.016806723,-0.145833387,-0.004834896,-0.011623809,-0.002020049,-0.00803829
0,-0.32,0,0,0.249999967,0,-0.008875695,0.874999972,0,0,0,0,0,0,0.017094017,0.170731781,-0.006477649,0.076977901,-0.015181922,0.012156047
-0.5,0.470588235,0,0,0,0,0,-0.266666651,0,0,0,0,0,0,-0.033613445,0.24999995,-0.00163025,-0.058901351,-0.011305282,-0.024820022
1,0,0.014545429,0,0,0,-0.089552318,0.181818113,0,0,-0.299999979,0,0,0,-0.086956522,-0.083333333,-0.018775302,0.009845245,-0.009355646,-0.015599587
0,0,0,0,5.800000128,0,0.03606642,0,0,0,0.857142771,0,0,-0.114832536,0.114285714,0.090909091,-0.012479335,-0.04004177,-0.00629581,-0.027523011
0,0,-0.014336893,0,-0.411764717,0,0,-0.384615353,0.124999987,0,-0.153846173,0,0,-0.027027027,-0.102564103,-0.150000016,0.010109612,-0.026115318,0,0.010291886
0,0,0,0,0,0,0,0,-0.333333349,0,0,0,0,0,0,0,-0.041701603,-0.037243947,-0.002111963,-0.015280266
0,0,0,0,0.249999973,0,0,0.874999972,0,0,0,-0.740259727,0,-0.222222222,0.095238095,0.039215743,0.011334049,-0.00967118,0.010582102,0.011206709
0,0,0,0,0.76000002,-0.466666667,0,0,0.333333381,0,0,0,0.046875,0,0,0.075471623,0.02155181,0.020703077,-0.004188606,0.005115115
0,-0.28,0,0,1.272727246,1,-0.034810915,-0.033333302,0.124999987,0,0,0,-0.002985111,0,0,-0.017543844,0.048101137,0.007654067,0.003154874,0.013571127
0,0.388888889,0,0.124999965,0.199999983,0,0,0,0,0,0,0,0,0,0,0.499999957,-0.046698921,-0.031902778,-0.003144952,-0.032636076
0,0,0,0,-0.083333327,0,0,0,0,0,0,0,-0.251496979,0,-0.113043478,-0.059523755,0.035473085,0.032169467,0.011566878,0.034602118
0,0,0,0,-0.090909084,0,0.104918902,0,0,0,0,0,0,0.214285714,0.078431373,-0.164556984,-0.022838741,-0.056632452,-0.005224826,-0.015050121
0,0,0,0,0.600000034,0,0.001483306,0,0,0,0,0,0,-0.264705882,0.072727273,0.121212152,0.064274133,-0.019339224,-0.002100743,0.014431247
0,0,0,0,-0.124999987,0,0.037036672,0,0.111111101,1.589285758,0,0,0.335999952,0,-0.118644068,-0.108108132,-0.003137571,-0.004930191,0.002105166,-0.019246951
0,0,0,0,-0.285714312,0,0,0,0.099999991,-0.896551724,0,0,0,0,0.009615385,0.196969729,0.017309381,0.005367509,0.01155475,0.011091845
0,0,0,0,-0.149999945,0,0.007143236,-0.448275872,-0.181818168,0.333333333,-0.36363632,0,-0.008981964,0,0,-0.1772152,0.010827404,-0.002053435,-0.005191774,-0.006750499
0,0,0,0,0.176470512,0,0,0,0.111111101,0,0,0,0,0,0.038095238,0.123076952,0.011476857,-0.009876534,-0.007307395,-0.006797269
0,0,0,0,0,0,0,0,0,0.299999952,0,0,0,0,-0.027522936,-0.19178083,0.004538637,-0.027847053,-0.003154523,0.018819654
0,-0.28,0,0,0.099999991,0,0,0,0,0.346153896,0,0,-0.003021184,0,0.273584906,0.203389795,-0.002258867,0.024796919,0.010548986,-0.00839611
0,0.388888889,0,0,-0.272727252,0,0,0,0,0,0,0,0,0.12,-0.148148148,0.169014127,-0.00301933,0.015018799,0.028183434,0.005926911
0,0,0,0,1.499999947,0,0,0,0,0,0,0,-0.242424242,-0.178571429,0.017391304,-0.0361446,0.027252285,-0.01027538,-0.002030546,0.008417313
0,0,0,0,-0.099999991,0,0,0,0,0.400000027,0,0,0.315999952,0,-0.042735043,0.112499952,-0.002947821,-0.017026572,0.0010174,0.005843042
0,0,0,0,0.111111101,0,0,0,0,0.122448958,0,0,0,0.086956522,0.017857143,0,0.00591315,0.002957317,-0.002032487,0.023236745
0,0,0,0,-0.159999986,0,0.06382979,0.562499977,0,0.636363636,0.142857078,0,0,0,0.00877193,-0.067415669,0.024981206,0,-0.002036565,0.004055112
0,0,0,0,0.107142897,0,0,-0.080000019,0,0,0,0,0,0.2,-0.017391304,-0.024096362,-0.025806418,0.024431337,0.005101895,0.054119409
0,-0.28,0,0,-0.086021494,0,0,-0.217391309,-0.099999991,-0.222222222,0.625000017,0,0,-0.453333333,-0.097345133,0.074074,-0.020603452,-0.033717093,-0.003045635,0.024521299
0,0.166666667,0,0,0.047058816,0,0.066666961,0,0,0,0,0,0,0,0,-0.08045975,-0.015026075,-0.042553191,0.004073314,0.000748313
0,0,0,0,0,0,0,0,0,-0.214285714,0,0,0,0.280487805,0,0,0.00991589,-0.015555573,-0.004056789,-0.017190379
0,0,0,0,-0.002247277,0,0,0,-0.222222201,0,-0.230769218,0,0,0.428571429,0.12745098,-0.074999988,0.000755761,-0.01173816,-0.006110001,-0.026616151
0,0,0,0,0.002252338,0,0.012499761,0,0,0,0,0,0,0.3,0,0,-0.033207868,0,0,-0.017187259
0,0,0,0,0,0,0,-0.111111074,0,0.018181801,0,0,0,-0.282051282,0.026086957,0,0.027322614,-0.002284113,0.014344273,0.041335428
0,0,0,0,0.011235906,0,0,0,0,0.250000021,0,0,0,0,-0.110169492,0.0135135,0.040273453,0.054029318,-0.005050543,0.002290141
0,-0.047619048,0,0,0,0,0,0,0,0,-0.099999958,0,0,0.271428571,0.123809524,0,-0.029218354,-0.039096421,-0.004060908,-0.009139525
0,0,0.018181764,0,-0.166666698,0,0,0,0,0.014285701,0,0,0,0.123595506,0,0.133333333,0.001504567,-0.014466618,0.011213109,0.014604276
0,0,0,0,-0.266666652,0,0,0,0,-0.014084494,0,0,0,-0.2,0,-0.058823529,0.017280247,0.015596338,0.00302372,0.014393955
-0.5,0,0,0,0.636363665,0,0,0,0,0,-0.222222235,0,0,-0.00625,-0.059322034,-0.037500024,-0.005169923,-0.020325152,-0.015074834,-0.004480873
0,0.15,-0.017857091,0,-0.222222201,-0.75,0.061728665,0,0.714285627,-0.014285701,0,0,0,0,0,0,-0.039346612,0.008298769,-0.004081749,-0.030757571
0,0,0,0,0.071428502,2.75,0,0,-0.33333331,0.01449274,0,0,0,0,0.063063063,-0.025974002,-0.001545263,-0.006401522,0.004098478,0.01470557
0,0.043478261,0,0,0.12000005,0,0,0,0,0.171428544,0,0,-0.012158019,0,-0.101694915,0.159999975,-0.012383926,-0.033133885,-0.005102385,-0.017543785
0,0.041666667,0,0,-0.285714307,0,0,-0.375000009,0.249999973,0.085365832,0.428571385,2.499999893,0,0.006289308,0.009433962,0,0.010188206,-0.002855758,0.010256614,0.004658624
0,0,0,0,0.166666726,-0.533333333,0,0,-0.199999983,0.123595554,0,0,0,0,-0.074766355,0,-0.034910948,0.027207622,0.035533205,0.003863843
0,0,0,0,0,0,0,0,0,0.010000038,0,0,0,-0.21875,0.01010101,0,0.113344051,0.003717468,-0.019608224,0.028483313
0,0,0,0.024691342,0,0.142857143,0,0.100000024,0,-0.009901027,0,0,0,0.28,-0.15,0,0.041155126,0.00972218,-0.009999778,0.007485066
0,-0.56,0,0,-0.178571437,0,0,0,0,-0.15,0,0,-0.129230751,0,0.164705882,0,-0.018030434,-0.011921148,-0.015151751,0.000742894
0,0.272727273,0.005454547,0.80722887,0.043478219,0,0,0,0,-0.105882364,-0.200000021,0,0.095406337,-0.28125,-0.191919192,0,-0.00635583,0.004640389,-0.008205118,-0.02895311
0,0,0,0,0.166666726,0.625,0,0,0.249999973,-0.31578949,-0.374999983,0,0,0,0,0,-0.006396858,-0.031408791,0.013443981,0.000764262
0,0,0,-0.333333318,0,-0.153846154,0,0,0.099999991,0.038461595,0,0,0,0,0.125,0.149425313,-0.007152895,-0.044348995,0.012244818,-0.003055676
0,0,0,0,-0.214285749,0,0,0,-0.272727252,0,0,0,0,0,0,0,-0.030259534,-0.011477118,-0.008064565,0.054406128
0,0,0,0,0.090909084,0,0,0,0,0,0,0,0,0,0,-0.119999981,0,-0.040383607,0.003048669,-0.195493819
0,0.142857143,0,0,0.166666726,0,0,0,0,0.129629592,1.199999915,0,0,0.043478261,0.055555556,0,-0.010401066,-0.028932201,0.02330268,0.003612943
0,0,0,0,0,0,0,0,0,0,-0.545454528,0,0,0,-0.105263158,0,0.014285606,-0.007042208,0.009901545,0.0279028
0,0,0,0,0,0.363636364,0,0,0,0,0,0,0,0,0,0.079545431,0.006671686,0.013638843,-0.001960987,0.004436388
0,0,0,0,0,0.066666667,0,0,-0.124999987,0,0,0,0,0,0,-0.010526356,0.005890886,-0.015608128,0.00687641,0.022084883
0,0,0,0,0,0,0,0.090909111,0,0.065573787,0.200000021,0,0,0.083333333,-0.082352941,0,-0.030014512,-0.041552772,0,-0.014693115
2,-0.125,0,0,-0.142857186,0,0,0.083333251,0,0,0,0,-0.067741974,0.223076923,0,-0.148936136,0.024150807,-0.047347398,0,-0.002631455
0,0,0,0,0,0,-0.069767459,0.923076994,0,0.138461553,-0.333333363,0,0.034602078,0,0.025641026,-0.012499988,-0.036108959,-0.008982127,0,0.00439743
0,0,0,0,0,0,0,0,0,-0.162162199,-0.249999967,0,0,0,-0.0625,0,-0.039755399,0.015105741,0.004878026,-0.018388527
0,0,0,0,-0.119999977,-0.4375,0.124999735,0,0,-0.016129017,0,0,0,0,-0.133333333,-0.26582277,0.008757989,-0.026785647,0.011649826,0.030329873
0,0,0,0,0.136363607,0.444444444,0,0,0.142857125,0.31147543,0,0,0,-0.025157233,0.307692308,0,0.019731619,0.056269117,-0.000959043,-0.00086566
0,0,0,0,0,0,0.111110802,0,0,-0.262499988,0.666666637,0,0,0,-0.352941176,0.32758613,-0.026315434,-0.026056789,0.000959964,-0.006065889
0,0,-0.005424957,0,0,0,0,0,0,0,-0.200000021,-0.714285706,0,0,0.636363636,0,0.003974338,0.029131973,0,0.008718123
0,0.142857143,0,0,0,0,0,0,0,0.101694897,0,0,-0.003344421,0,0,0.038961065,0.003958689,-0.014442519,-0.001919125,0.012100444
0,0,0,0,0,-0.230769231,0,0,0,0,0,0,0,0,-0.166666667,0,0,0.023446637,0.000961927,0.014517448
0,0,0,0,0,0,0.149999982,0.6,0,0,0,0,0,-0.148387097,0,0.024999976,0.013407049,-0.002863645,-0.005763824,-0.034511644
0,0,0,0,0,0.3,0,0,0,-0.076923077,0.250000033,0,0,0,-0.16,0,-0.016342572,-0.001723187,-0.003865251,-0.020052603
-0.333333333,-0.25,0,0,0,-0.538461538,0.021739582,0,0,0,0,0,0,0,0.19047619,-0.036585332,0.003955973,-0.027617927,-0.000969276,0.015124865
0,0,0,-0.399999959,-0.208333283,1.166666667,0,0,0.124999987,0,0,0,0,0,0,0,-0.04018936,0.085798864,-0.006796412,-0.02103403
0,0,0,0,0.263157815,0,-0.021277028,-0.125,-0.222222201,-0.016666651,0,0,0,0,0,0.037974647,-0.031198885,0.001634811,0.009775247,0.039391555
0,0,0,0,0,0,0,-0.428571429,0,0,-0.200000021,0,0,0,0,0,0.020339342,0.010337353,-0.002903941,0.012057676
-0.5,0,0,0,0,0,0,0,0.142857125,0,0,0,0,0.96969697,-0.24,-0.073170722,-0.002491781,0.02046317,0.00485423,0.023830037
0,0,0,0,0,0,0,0,0,0,0,0,0,0,0.140350877,0.078947357,-0.009159062,-0.008443263,-0.005797354,-0.004156347
0,0,0,0,0,0.153846154,-0.108695187,0,0,0.016949136,0,0,0,0.153846154,0.015384615,0,0.021008636,0.001064319,0.017492896,0.001669639
0,-0.166666667,0,0,0,0,0,0,-0.124999987,0,0,0,0,-0.066666667,0.121212121,-0.146341444,-0.023868333,-0.024986673,-0.005730451,-0.021666828
0,0,0,0,-0.001666659,0,0,0,0,0,0,0,0,-0.017857143,-0.216216216,-0.04285717,0.003372474,0.031624859,-0.004802706,0.018739487
0,0.6,0,0,0,0,0,0.549999952,0,0,0,0,0,0.163636364,0.137931034,0,-0.036134332,-0.012156424,-0.000970628,-0.023411378
0,-0.125,0,0,0,0,0,0,0,0,0.250000033,2.499999893,0,-0.178125,0,0,0.017436726,0.012841079,0.005825593,-0.000856321
0,0,0,0,0.302170324,0,0,-0.35483869,0.571428502,0,0,0,0,0.140684411,0.136363636,0,-0.01199669,0.004226092,0.002895637,0.009426182
0,-0.285714286,0,0,0.125641023,0,0.07317073,0.75,0,-0.016666651,0,0,0,-0.066666667,-0.226666667,0,-0.026886169,-0.01157282,-0.002887277,0.001697634
0,0.2,0,0,0.013667463,-0.333333333,0,0,-0.272727252,0.016949136,0.200000021,0,0,-0.096428571,0.017241379,0.01492543,0.044563205,0.017562528,0.014478418,0.013559343
0,0,8.272726731,0,-0.101123629,0.5,0,0,0.124999987,0,1,0,0,0.035573123,-0.084745763,0,-0.006825967,-0.015167411,-0.003805787,0.001672085
0,0,0,0,0.037499943,0,-0.045454815,0,0.222222201,0,0,0,-0.006711389,0.106870229,-0.203703704,0,-0.013745852,-0.073818343,-0.013371655,-0.021702659
0,-0.5,0,0,0.024096487,0,0,0,-0.272727252,0,0,0,0,-0.068965517,0.023255814,0,0.010452961,0.004013744,0.044530625,0.026450397
0,0,0,0,0.070588225,0,-0.047619258,-0.400000027,0,0,0,0,0,0.018518519,0.159090909,0.014705868,-0.019827163,-0.008566512,-0.01760879,-0.004987525
0,0,0,0,-0.098901132,0,0.050000232,0.428571493,0,0,0,0,0,-0.134545455,-0.019607843,0,0.018469464,-0.014976971,-0.007547283,-0.011695968
0,1.333333333,0,0,-0.024390241,0,0,0,0.37499996,0,0,0,0,-0.092436975,0,0.072463767,0.025043111,0.020467858,0.011406733,0.012679613
0,-0.5,0.016470595,0,-0.024999997,0,0,0,-0.272727252,0,-0.249999978,0,0,0,0,0.054054066,0.054760006,-0.029799452,0.008458762,-0.006677635
0,2.428571429,0,0,0.025641023,0,-0.095237836,0,0.124999987,0,0,0,0,0.134259259,-0.1,0.025641001,0.088657952,0.037211999,0.006523878,0.021848787
0,-0.666666667,0,0,0.249999973,0,0,0,-0.111111101,0,0,0,0,-0.085714286,0.111111111,0,0.001467377,-0.011958946,0.013888669,0.015625356
0,1.5,0,0,0.070000037,0,-0.052631797,-0.300000032,-0.124999987,0,0,0,0,0,-0.34,-0.012499988,0.007326058,0.047262229,0,-0.011336646
0,0,0.225694493,0,-0.018691587,0,0,0,0.428571376,0,0,0,-0.003378419,0.008928571,0,0,-0.000727171,-0.023665399,-0.012785174,0.001638188
0,0,0,0,-0.047619082,0,0,0.428571493,-0.199999983,0,0,0,0,0.084070796,0.484848485,0.075949354,-0.013100433,-0.045095786,-0.004625126,-0.004905962
0,0,0,0,0.000999996,0,0,0,0.249999973,0,0,0,0,0.020408163,0.020408163,0,-0.029498568,-0.017119298,0.000928923,-0.009860526
0,0,0,0,-0.000998997,0,0.055555798,-0.300000032,0.099999991,0.133333365,0,0,0,-0.004,0,0.082352919,-0.022036415,-0.052252247,0.000928616,-0.009128582
0,0,0,0,0.077000006,0,0,0,-0.090909084,-0.117647084,0,0,0,-0.036144578,0,0,0.00932368,-0.00316858,-0.002782821,0.004187561
0,0,0,0,-0.001857002,0,-0.105263688,0,0.099999991,0,0,0,0,-0.0625,0,0,-0.013086774,0.008900213,0.01395349,-0.031692314
0,-0.35,0,0,-0.088372104,0,0,0,0.090909084,0.133333365,0,-0.642857147,0,0.333333333,0,-0.239130419,0.015600648,-0.001260208,0.044036483,-0.009475009
0,0,0,0,0.020408161,0,0,0,0,0,0,0,0,-0.183333333,0,0.285714286,-0.010752793,0.005047314,-0.055360088,-0.008695919
0,0,0,0,0.175000006,0,0,0,0.416666779,-0.117647084,0,0,0,-0.020408163,0,-0.055555556,-0.006211206,-0.019460164,0.018604431,0.013158
0,0,0,0,-0.021276576,-0.2,0.000588508,0,-0.117647141,0.083333333,0,0,0,0,0.46,-0.176470588,0.016406659,-0.016645341,0.01187215,-0.024242253
0,0,-0.905571292,0,0.034782605,0,0,0,-0.066666606,0,0,0,0,0.041666667,0,0.371428626,0.003074126,0.021484371,-0.018050439,0.012422301
0,0,9.62499971,0,-0.042016838,0.666666667,0.005291043,0,-0.071428563,-0.030769201,0,0,0,0,0,0,-0.038314119,0.021669924,-0.040441405,-0.013146646
0,0,0,0,-0.035087717,0,0,0,0.076923067,0,0,0,-0.006779641,0,-0.178082192,0.031249919,-0.027091602,-0.032439204,-0.022988287,-0.143872072
0,-0.230769231,-0.898039221,0,0,0,-0.005848261,0,-0.214285749,0.079365077,0,0,0,0.004,0,-0.101010105,-0.036036317,-0.00193428,-0.002940708,-0.021784135
0,0,0,0,-0.045454503,0,0,0,-0.090909084,0,0,0,0,-0.087649402,0,-0.067415669,0.003399066,0.032299743,0,-0.007423084
0,0,0,0,-0.038095233,0,-0.058822966,-0.285714253,-0.099999991,0,0,1.800000034,0,-0.126637555,0.2,0.060240962,0.071125775,0.010638303,0.03933077,0
0,0,0,0,-0.039603955,0,0,0,0,-0.07352941,-0.333333353,0,0,0.25,-0.097222222,0.022727251,0.003162276,0.019814223,0.033112481,0.036324935
0,0.6,8.076923312,0,0.010309233,0,0,0,0,0,0.500000044,0,0,0,-0.076923077,0.08888891,0.0244284,0.017607828,-0.009157404,0.009278052
0,0,0,0,-0.132653006,0,0,0,0.555555598,0,0,0,0,0.04,0,0,0.019999945,-0.026849687,-0.023105368,-0.00714991
0,0,0,0,0.05647054,-0.2,0,0,-0.285714312,0.015873,0,0,0,0.134615385,0.3,-0.081632671,0.001508401,-0.028816636,-0.011352776,-0.012345449
0,0,0,0,-0.120267305,0,0,0,0,0,0,0,0,0.016949153,-0.576923077,0,-0.021837453,0.012626311,-0.006698452,-0.010416841
0,0,0,0,0.012658281,0,0,0,0,0,0,0,0,-0.033333333,1.272727273,0,0.052348149,0.005610863,0.052022782,0.013683948
0,0,0,0,0,0,0,0,0.30000006,0,0,0,-0.010238928,-0.051724138,0,-0.011111153,-0.002926166,0.080595239,-0.017399056,0.001038396
0,0,0,0,-0.037500049,0,0,0,0.076923067,0,0,0,0,0,0,0,0.005135704,0.055077399,-0.00186371,0.00726145
0,-0.375,0,0,0.006493589,0,0,0,-0.285714312,0,-0.111111177,0,0,0,-0.013333333,0.011235998,0.006215702,0.020119677,0.003734716,0.004119365
0,0,0,0,0.095483781,0,0,0,0.400000051,0,0,0,0,-0.018181818,0,-0.111111111,0.005087197,0.038912555,-0.003720819,0.01250018
0,0,0,0,-0.10482916,0,0,0,-0.071428563,0,0,0,0,-0.018518519,0,0,-0.029645682,0.023601898,-0.016807169,-0.007201708
0,0,0,0,0.250000028,0,-0.125000573,0,0,0.015624985,0,0,0,0,-0.324324324,0,-0.001490276,-0.007518873,-0.000949441,-0.004145114
0,0,0,-0.833333348,-0.15789476,0,0,0,-0.230769266,0,0,0,0,0,0.5,0,-0.002238633,-0.002525214,-0.013307874,0.003121987
0,0,0,0,-0.062500047,0,0.178571901,0,0.199999983,0,0,0,0,0,-0.506666667,0,0.018698542,0.013164569,0.00770713,0.011410603
0,0,0,0,0.06666672,0,0,0,0.166666726,0,0,0,0,0,0.378378378,0,0.01982387,0.050474773,0.006691818,0.001025929
0,0,0,0,-0.162499983,0,0,0,-0.285714312,0.230769231,0,0,0,-0.003773585,-0.117647059,0,0.000719887,0.000951497,0.000949895,0.016393092
0,0.5,0,0,0.194029826,0,-0.030302784,0,0,0,0,0,0,-0.041666667,0,0,0.005755327,0.0175855,-0.004743834,0.004032362
0,0,0,0,0.059999951,0,0,0,0,0,0,0,0,0,0,0,-0.013590917,0.017281683,-0.015252739,-0.024096388
0,-0.2,0.078644053,1,-0.05660373,0,0,0,0,0,0,0,0,0.177865613,0,0,-0.004351175,0.014692364,-0.012584593,0.008230384
0,0,0,0,0,0,0,0,0,0,0,0,0,0.006711409,0.333333333,0.200000048,-0.013109731,-0.005882401,-0.001960785,-0.016326326
0,0.083333333,0,0,0,0,0,0,0,0.0625,0,0,0,-0.05,-0.2,0,0.025830349,0.01183433,0.00687623,0.016597298
0,-0.461538462,0,0,0,0,0,0,0,0.470588235,0,0,0,0.052631579,0.145833333,-0.1666667,-0.005036185,-0.018443538,0.024390133,0.009183614
0,0,0,0,0,0,0.043749387,0,0,-0.24,0,0,0,-0.1,0.090909091,0,0.003615353,0.017415265,-0.001904535,0.008089049
0,0,0,0,0,0,0,0,0.400000051,0.063157935,0,0,0,0,0,0,0.007925064,-0.005855904,-0.020992255,0.032096226
0,0,0,0,0,0,0.005988341,0,0,-0.059405976,0,0,0,-0.159259259,-0.2,0,-0.025732551,-0.005437197,-0.009746938,-0.008746102
0,0,0,0,-0.003749984,0,0,0,0,0,0,0,0,0.101321586,0,-0.162500024,0.007336497,0.047380363,-0.00196874,0.007842671
0,0.428571429,0,0,-0.0012547,0,0.071428609,0,0,0.052631579,0,0,0,0,0,0.194029885,0.021850035,0.024358394,-0.007889315,-0.006809003
0,0,0,0,0.060301457,0,0,0,-0.071428563,0.010000038,0,0,0,-0.06,0,0.200000048,-0.023520855,0.005520215,0.017892532,0.005876775
0,1.5,0,0,0,0,0,0,0.076923067,0.019801961,0,0,0,-0.008510638,0,0,0.017518194,0.023648626,0.010742426,0.018500245
0,-0.2,0,3.850000004,-0.052132677,0.125,0,0,0,0.165048522,-0.75,0,0,0.008583691,0,0,0.005021584,0.031353145,-0.010628253,0.008604216
0,-0.5,0,0,0,0,0.111110802,-0.333333333,0,0.25,0,0,0,0,0,0.6666666,-0.000713945,-0.008000031,-0.002929339,0.010426308
0,0.9,0,0.340206299,-0.202500021,0,-0.049999517,0,0,0,0,0,0,0,0,0.25,-0.017857037,0,0.003917611,0.01688583
0,0,0,0,0.018808829,0,-0.026316322,0,0,0.253333282,0,0,-0.175862059,0,0,-0.05,0.001454585,0.010483881,-0.00784326,-0.004612586
0,-0.052631579,0,0,0.461538467,-0.055555556,0,0,0,-0.148936136,1,0,0,0,-0.25,-0.157894737,0.009440921,0.069433352,0.002964547,-0.013901566
0,-0.388888889,0,-0.692307719,0.157894671,0,-0.027026719,0,0,0.168750048,0,0,0,0,0.055555556,0.03125,0.051079102,0.064179152,0.00394089,-0.000940049
0,0,0,0,-0.05454545,0,0,0,0,-0.090909128,0,0,0,-0.076595745,-0.052631579,0.090909091,0.006844599,0.003155686,-0.016682919,-0.058325614
0,-0.090909091,0,-0.249999936,0.057692303,0,0,0,-0.071428563,0,2.500000199,0,0,0.138248848,0,-0.055555556,-0.025152935,0.008388667,0,-0.011987981
1,0.3,0,0,-0.136363587,0,0.1666666,0,0,0.029411765,-0.214285768,0,-0.828451882,0,0,-0.058823529,-0.004184142,0.002426333,0.000997886,-0.01819988
0,0.153846154,0,0,-0.004210597,0,-0.095237836,0,0,0.057142857,-0.090909056,0,4.780487552,-0.068825911,-0.25,0.056249976,-0.026610567,0.002766249,-0.002991385,0.013388092
0,0,0,0,-0.007399545,0,0,0.299999952,0.076923067,0,0.299999979,0,0,-0.043478261,0,-0.023668617,-0.010072143,0.002068947,0.007000603,-0.001016338
-0.5,0.2,0.00172851,-0.166666723,-0.159744439,0,0,0,0,0,-0.384615391,0,0,0.018181818,0.666666667,-0.04848486,-0.004360357,-0.040261531,-0.002979384,0.009155587
0,0,-0.200000025,0,0,-0.941176471,0,1.307692392,-0.214285749,0.005405426,0.250000033,0,0,0,0,-0.00636939,-0.021897876,-0.016134775,0.008963914,-0.013104679
0,0,0,-0.200000014,-0.036755336,16,0,-0.566666683,0,0,-0.200000021,0,0,-0.107142857,-0.111111111,0.00641022,-0.010447814,0.014212805,0.021717928,-0.003064169
0,-0.277777778,0,0,0.052631573,0,0,0.538461595,0.181818245,-0.059139804,0,0,0,0,0,0.019108293,0.007541607,0.048149485,0.020290101,0.02663908
0,0.153846154,0,0,0,-0.176470588,0,0,0,0.085714286,0.125000083,0,0,0.1,0,-0.0625,-0.011227618,-0.011655816,-0.016098494,0.001996229
0,0.2,0,0,0,0.214285714,0,0,0.307692333,0,0,0,0,-0.022727273,0,-0.066666667,0.015139907,0.011099539,-0.006737595,0.003983759
1,0.388888889,0,0,0,0,0,0,0,0,0,0,0,0.023255814,0,-0.107142857,0.002237277,-0.024013683,0.008721169,0.019841038
0,33.80000057,0,0,-0.020000019,-0.058823529,0,0,-0.117647141,0.021052612,0,0,-0.01265819,0,0,-0.08,0.002232048,-0.022847153,-0.015369962,-0.004863857
-0.5,-0.024137955,-0.642156847,0,0,0,0.052631044,0,-0.066666606,0,0,0,0,-0.031818182,-0.3,0,0.002969878,0.041366962,-0.007804768,0.018573323
0,0.008245003,0.64383553,0,0,0,0,0,0,0.030927855,0,0,0,-0.046948357,0,0.069565234,0.054774185,-0.012435254,-0.004916658,-0.001919793
0,0,0,0,-0.031887725,0,0,0,0,0.055000019,0,0,0,0.009852217,0,-0.065040665,-0.000701994,0.005946138,-0.016798435,0.011538825
0,0.038551394,0,0,-0.050065881,-0.125,0,0,0,0.421800922,0,0,0,0,-0.071428571,0.130434783,-0.02387618,-0.011126554,0.012060672,-0.018060926
0,-0.002249703,0.120000048,0,-0.001386956,0.142857143,0,0,0,-0.059999975,-0.111111177,0,0,0,0.692307692,0,-0.002158408,0.011251747,0.007944158,-0.032913666
0,-0.095828659,0,-0.399999974,-0.027777774,-0.875,0,-0.100000024,0.285714251,-0.109929089,0,0,0,0.024390244,0.022727273,-0.176923092,0.007930853,0.022948534,-0.004926112,-0.00400431
0,-0.026184495,0,0.666666596,0,7,0,0,0.444444497,0,0.125000083,0,0,0.023809524,-0.333333333,0,-0.013590917,-0.016995241,-0.008911134,0.020100815
0,0,0,-0.5,0.014285713,0,0,0,-0.230769266,-0.003984079,0,0,0,-0.023255814,0.6,-0.037383143,0.014503206,0.001037368,0.017982275,0.004926083
0,-0.04097311,0,0,0,0,0,0,0.250000021,0,0,0,0,0,-0.166666667,0.145631065,0.005003637,0.027288393,-0.004906775,0.02156861
0,0.001335104,0.428571462,0.100000026,-0.014084505,0,0,0,0.079999992,0,0,0,0,0,-0.275,0.127118642,0.022048598,0.01782114,-0.001972506,0.018234059
0,-0.121333378,0,0,0.099999927,0,0,-0.611111107,-0.074074067,-0.2,0,0,0,-0.014285714,0,0.015037579,-0.004871465,-0.025437742,-0.008893171,-0.033930161
0,-0.080424835,0,0,-0.088311639,0,0,0,0,0.05,0,0,0,0.019323671,-0.034482759,0.074074074,-0.018181732,-0.009152558,-0.002991385,-0.013658454
0,0.031353099,0,0,0.038461492,-0.125,0,0,0.120000022,0,-0.111111177,0,0,-0.028436019,0,0.034482759,-0.024928861,0.042422162,0.010000369,0.102868169
0,-0.015999977,0,0,-0.039780466,0,0,1.571428547,-0.071428563,-0.095238095,0,0,0,0.024390244,0.428571429,0,-0.019722508,-0.046275021,-0.010891216,-0.030493111
0,0.022764251,0,0,0,0,0,0,0.153846068,-0.078947368,0,0,0,0.019047619,0.125,0,-0.020119077,0.001376494,0.019019275,-0.01665139
0,0.03338627,0,-0.181818147,0,0,0,-0.555555537,-0.133333269,-0.085714286,0,0,0,-0.065420561,-0.4,0,0.094296453,0.048109952,-0.014734901,-0.00470339
0,0.001538451,0,0,0.00285713,0,0,0,0.038461501,-0.03125,0,0,0,-0.075,0.481481481,-0.006666692,-0.009728809,-0.007540969,-0.002991385,0.016067866
4,-0.078340984,0,0,-0.00284899,0,0,0,0.259259329,0,0,0,0,-0.027027027,-0.15,-0.006711371,0.004210494,0.021143025,0.008000604,0.013953102
0.6,-0.041666655,0.020833313,0,0,-0.571428571,0,0.249999981,-0.029411835,0.006451638,0,0,0,0.055555556,-0.205882353,0.0135135,0.034241701,0.030734415,-0.004960556,0.006422325
0.75,0.003478236,0,0,0.071428502,0.833333333,0,0,-0.030303002,0,0,0,0,0.042105263,0,-0.066666667,-0.026351509,-0.022598908,-0.002991385,0.010027434
-0.357142857,0.012131728,0,0,0.128000015,0,0,0,-0.062500047,0.147435845,0,0,0,-0.065656566,0,-0.107142857,0.027064705,-0.024726993,0.002000478,-0.001805192
-0.111111111,-0.015410947,-0.084693901,0,0,0.090909091,0,0,0.033333417,-0.078212271,0,0,0,0.081081081,0.296296296,0.12,0.007432566,-0.206453747,-0.000998361,-0.010850249
-0.125,0,0,0,0,0,0,-0.199999988,0,-0.024242401,0,0,0,0,0,-0.200000014,-0.046691471,0.081742709,-0.006992836,-0.008340684
0.142857143,0,-0.420289873,0,0,0,0,0,0.096774208,-0.012422407,0,0,0,-0.05,0,0.098214321,-0.021846341,-0.020329835,-0.005030365,-0.017757407
-0.375,-0.104347874,0,0,-0.026004716,0,0,0,-0.117647141,-0.056603751,0.500000066,0,0,0,-0.2,-0.032520371,0.010086714,-0.030540355,0.001011364,0.003806268
0,0.034951541,0,0,-0.065534006,0,0.050000232,-0.249999981,0,0,0.666666637,0,0,0,0.107142857,-0.084033616,-0.003566648,-0.033925692,0,-0.01706186
0.2,-0.013133221,0,-0.111111132,0.064935117,0,0,0,0.033333417,-0.026666641,-0.350000011,0,0,-0.047368421,0,0.091743122,0.007874068,0.00083614,0.004040347,-0.020250227
-0.5,0.043726248,0,0,-0.132926821,0,0,0,0.064516065,-0.027397299,0.230769218,0,0,0.022099448,0.290322581,-0.151260445,-0.014204538,-0.027151195,-0.004024089,-0.01082689
0.666666667,0.001821481,0,0,0.157524583,-0.75,0,0,-0.030303002,-0.021126774,0.187500058,0,0,0,-0.075,0.277227637,-0.025216182,-0.021039144,-0.040403954,0.019900548
-0.2,-0.009090948,0,0,-0.029161581,4,0,0.8333333,0.03124997,-0.064748176,0,0,0,0.054054054,-0.297297297,0,0.005912938,0.00131582,0.026315809,0.018536475
0,-0.073394496,0.557692408,0,0,0,0,0,0.030303105,0,-0.052631555,0,0,0.184615385,0.5,0,0.033798464,0.037231729,0.014358619,0.036398767
0,0.005940665,0,0,-0.06132671,0,0,0,0.05882347,-0.007692337,0.333333294,0,0,-0.155844156,0,-0.023255755,0.004975178,-0.017314183,-0.002022066,0.005545076
-0.25,0.007873959,0,0,-0.051999946,0,0,0,0.111111101,-0.031007723,0,0,0,0.025641026,-0.230769231,-0.238095231,0.022630898,0.021057145,0.00911873,0.006433704
-0.333333333,-0.003906222,0,0,-0.01547116,-0.066666667,0,0,0.125000053,0,-0.333333363,0,0,-0.06,0,0.041666625,0.024204744,0.014730656,0.002007675,0.01369885
-0.5,-0.019607926,0,0,0.14142856,0.071428571,-0.047619258,0,-0.022222276,-0.12,-0.062499975,0,0,-0.042553191,0,0,-0.027008762,-0.018249711,-0.003005896,-0.005405805
-0.999,-0.003999972,0,0,0,0,0,0.363636334,-0.113636335,0.100000035,0.066666638,0,0,0.277777778,0,0.25,-0.011797447,-0.036332937,-0.002010112,0.009058118
0,-0.130522078,0,0,-0.015018814,0,-0.09999975,-0.266666651,0.128205092,0,0,0,0,-0.086956522,-0.133333333,-0.2,0.02176978,0.022797039,0.007049173,0
0,0.050808348,0,0,-0.110546333,-0.466666667,0,0,0,0.363636321,0,0,0,0.066666667,0.461538462,0,0.010996557,-0.007286759,0.010000369,0.038599515
999.0000367,-0.015384631,0.786419737,0,0,0.875,-0.0333334,0,0,0.575757576,0.125000083,0,0,-0.075892857,0,0.010000038,-0.001359654,0.004317806,-0.010891216,-0.002592584
0,-0.191964317,-0.433310299,0,0,0,0.034482829,0.181818113,-0.136363587,-0.134615385,-0.166666706,0,0,-0.009661836,-0.078947368,0,0.000680539,-0.01375751,0.003003244,0.000866635
0,-0.033149094,0,0,0,0,0,0,-0.052631617,0,0,0,0,0.029268293,0,0,-0.004761814,0.00741064,-0.002994252,0.04329003
-0.35,-0.028571468,0,0,0,-0.066666667,0.111110802,0,0.027777751,-0.066666667,0.133333347,0,0,-0.028436019,0,0.148514846,-0.013670247,-0.039376885,-0.004004008,0.015767484
0,-0.044117668,0,0,0,0.071428571,0,-0.538461503,-0.054054004,-0.042857125,0,0,0,0,0,0.103448256,0.007622766,-0.006306365,0.005024891,0.00326796
0,0.046153869,0.829268264,0,-0.042857138,0,0,1,-0.142857198,0,0.11764707,0,0,-0.024390244,-0.228571429,-0.062500014,-0.006877683,0.028558526,0.005000363,0.008957645
0,0.032352962,-0.138000011,0,0.044776114,0,0,0,0.06666672,0,-0.052631555,0,0,0,0,0,0.00138515,0.024239719,0,-0.012106514
0,0.014244994,-0.195669006,0,0.14142856,0,0,-0.5,-0.062500047,0.069651721,0,0,0,0.125,-0.259259259,0,0.00276625,0.021084328,0.014925267,0.001634144
0,-0.011235955,0,11.49999968,0,0,-0.09999975,0,0,0,-0.111111177,0,0,-0.111111111,0.35,-0.083333333,0.006896584,0.008428182,-0.000985059,-0.073409746
0,-0.025568162,0.230769248,0,-0.095118909,0,0,0,0,-0.176744151,0.062500041,0,-0.487179494,0.025,-0.259259259,0,0.010273877,-0.029252016,0.000986031,-0.021126676
0,0.014577238,0,0,0,0,0,0,-0.133333269,-0.011299478,-0.176470574,0,0.25,0.195121951,0,0.009090944,-0.004067688,0.012914384,0.005911523,0.015287677
0,0.00862071,0,-0.950000001,0.244813271,-0.066666667,0,0,0,-0.028571429,0,0,0,-0.081632653,0.05,0.081081044,0.036759429,-0.010199735,-0.003917661,0.001771531
0,-0.031339051,-0.015624985,0,-0.111111101,0,0,0,0.076923067,0,0.285714307,0,0,0,0,0,0.047275237,-0.018033493,0.033431386,0.013262575
0,0.026470567,0.174603199,0,0.123749992,0,0,0,-0.035714312,0.117647059,0.055555529,0,0,0,0,0,-0.006269426,-0.01049417,-0.008563102,-0.008726027
0,0.0057307,0,0,0,0,-0.111110901,0,0.074074067,0,0,0,0,-0.088888889,0,0,0.011356361,0.024304073,0.020153182,0.014084686
0,-0.085470124,-0.189189221,0,0,0,0,0,-0.068965511,0,-0.210526333,0,0,0.082926829,-0.238095238,0,-0.004366794,0.005608247,0,-0.015624876
0,0.059190055,0,0,0.001112342,0,0,0,0.074074067,0,-0.133333347,0,0,0.009009009,0.1875,0,0,0.021021012,-0.003762762,0.003527085
0,0.002941156,0.083333389,0,0.055555598,0,0,0,-0.137931022,0.026315789,-0.076923046,0,0,-0.0625,0,0.083333333,-0.020676697,0.012605091,-0.007554282,-0.042179503
0,0.011730206,-0.153846187,0,-0.221052647,0,0,0,0,0,0,0,0,0,-0.210526316,-0.115384615,0.023672429,-0.008713734,0.003805948,-0.005504259
0,0.011594203,-0.036363602,0,0.079729726,0,0.124999735,0,0.360000065,0,-0.166666681,0,0,0.19047619,0.133333333,0.304347826,-0.013750026,-0.008790251,0.003791406,0.000922598
